-- phpMyAdmin SQL Dump
-- version 5.2.1
-- https://www.phpmyadmin.net/
--
-- Host: 127.0.0.1
-- Generation Time: Jan 29, 2025 at 10:42 AM
-- Server version: 10.4.32-MariaDB
-- PHP Version: 8.0.30

SET SQL_MODE = "NO_AUTO_VALUE_ON_ZERO";
START TRANSACTION;
SET time_zone = "+00:00";


/*!40101 SET @OLD_CHARACTER_SET_CLIENT=@@CHARACTER_SET_CLIENT */;
/*!40101 SET @OLD_CHARACTER_SET_RESULTS=@@CHARACTER_SET_RESULTS */;
/*!40101 SET @OLD_COLLATION_CONNECTION=@@COLLATION_CONNECTION */;
/*!40101 SET NAMES utf8mb4 */;

--
-- Database: `elective`
--

-- --------------------------------------------------------

--
-- Table structure for table `admin`
--

CREATE TABLE `admin` (
  `username` varchar(20) NOT NULL,
  `password` date NOT NULL
) ENGINE=InnoDB DEFAULT CHARSET=utf8mb4 COLLATE=utf8mb4_general_ci;

--
-- Dumping data for table `admin`
--

INSERT INTO `admin` (`username`, `password`) VALUES
('CS1234', '1995-01-01');

-- --------------------------------------------------------

--
-- Table structure for table `details`
--

CREATE TABLE `details` (
  `usn` varchar(20) NOT NULL,
  `courseCode` varchar(20) DEFAULT NULL,
  `sem` int(11) DEFAULT NULL
) ENGINE=InnoDB DEFAULT CHARSET=utf8mb4 COLLATE=utf8mb4_general_ci;

--
-- Dumping data for table `details`
--

INSERT INTO `details` (`usn`, `courseCode`, `sem`) VALUES
('4MC21CS134', '1234', 1);

-- --------------------------------------------------------

--
-- Table structure for table `login`
--

CREATE TABLE `login` (
  `username` varchar(10) NOT NULL,
  `password` varchar(100) NOT NULL
) ENGINE=InnoDB DEFAULT CHARSET=utf8mb4 COLLATE=utf8mb4_general_ci;

--
-- Dumping data for table `login`
--

INSERT INTO `login` (`username`, `password`) VALUES
('4MC21CS001', '$2b$10$shYHUVYf08Yj0i4BW/pQKuf2OgKuXmF.k0JZATkNnO123OOGWeQFa'),
('4MC21CS002', '$2b$10$rfSiYprU3GX.d2bXna.ESOD8q5sfOImSWNw.G5sbeTCZZjK.qCvtC'),
('4MC21CS003', '$2b$10$RJS6sY/a.BOabp5vCprl7e/RnVG1dN6OqkNgjciJob.2646nsGTn2'),
('4MC21CS004', '$2b$10$zh1tIKf8YhphRBpHiKVt2uKnSFR6VN.5VesMDwS/3GSB0M1RmhAW2'),
('4MC21CS005', '$2b$10$nVuAGOSK42m/OzAad2WB/OI4FTQZ0ETUQVo89QBu9r7lN0wbIgfYe'),
('4MC21CS006', '$2b$10$TuG2rEvfq.VZ2qxjcUB5w.4MbxJ5tsAICgZ9SpReby05IhfMRtll6'),
('4MC21CS007', '$2b$10$vDdGBOzOpsHQCSex6DXEvupgTL80wzahU9lKun/1sI3MDuxOfkBHK'),
('4MC21CS008', '$2b$10$C8IhSMxkqR5KzmhvOArRkeHQsBz.9z0iU6XMtny8KIiSCI/ezmZ.S'),
('4MC21CS009', '$2b$10$z2WWI0Y.07Pw76/CXb8mrO/WHB1WGVTV8fMG0VEU2kTVz9i9cWduu'),
('4MC21CS010', '$2b$10$CoSJml511Hf88Lq4tZXXZuuTM.dRiDL9RZokrfQSLB75L1LkTeJHG'),
('4MC21CS011', '$2b$10$N1Chw4CxMZa4kqGci/.mweiWTGTrc.J2cWvrs9ENIhuByUjtMb33i'),
('4MC21CS012', '$2b$10$8DLJrxKQLRAOJhUERGSEMuPrI29UGXnuDDCRthFrpfPOdgOdWsohK'),
('4MC21CS013', '$2b$10$bC468zS53LJFMpg1HwBf..kzJL0AIuRkhg/o4Z8vpPU4HpoJr8apG'),
('4MC21CS014', '$2b$10$PmV1dprMp9NIxzOHeoOpy.hm5g.tZtGRPp9Hfkqzoq41LXzWCycC6'),
('4MC21CS015', '$2b$10$jEt8KBJZRkCnthjqJYo.guz3pHewGMcFYMAifIVJ/rmfYakW2R.e6'),
('4MC21CS016', '$2b$10$AHplzjdrrf6EmfU2Jsodx.WE1Mv7AWpkKt4Q33XsC/1srS//Ulb1C'),
('4MC21CS017', '$2b$10$td9Futcto9gAoU0NYyF8KeWQ1pMrAOthJzQDP36BvJ/UwVJC9./wK'),
('4MC21CS018', '$2b$10$vfpYZMVMTLd3ujYAq0QbvOyl6aQpvMHWrxiBm8/3ChVQF0oTckERm'),
('4MC21CS019', '$2b$10$mWBSnnL9LYoACB4DBjA1uue3kFE690PqkcMkBzOeC9PrROKHY7gyC'),
('4MC21CS020', '$2b$10$.XoD.28UjmKBG76X30fbquO0UFbCRdbTwLTKyw.pQHnU2jd8cgJIm'),
('4MC21CS021', '$2b$10$ei0rTulCgWdHWbxnChHzE.qE/NlhMR9yTOA9U7aqnasBOL1R4tYmq'),
('4MC21CS022', '$2b$10$2MFxQstDeQIWn3jnN5hgueL7tgCe.qLCXHrIjQY/OuWyO5OyrfDfi'),
('4MC21CS023', '$2b$10$i8YeNJm7ED5TyvWkGfzOwOymcqXmMAA6JueLwU09vbOEMm7Wb6EHu'),
('4MC21CS024', '$2b$10$vX1GRd01bANoPwQA/F1KAOcdRk1J2yxXT6pi6RysKR4T21tVjXUh2'),
('4MC21CS025', '$2b$10$eb8iPSOH3lS6VNR9tChCee/xK9IctOEPHjzXlE868Pa.zpLa32UIm'),
('4MC21CS026', '$2b$10$x51s9fUc92ga5q52MdrYNOb8J8/h03FVBkJ6ymYrC9Odb84/M/vUS'),
('4MC21CS027', '$2b$10$TKQBYDEP8XEpoK7xpT8DLOI8L70ASQ4sJ10csC4QQ5d7Klr4fo/1S'),
('4MC21CS028', '$2b$10$1Njr3euUiCtrA0wL8Nq37ehKGYdxlTrCO1CdvpH/n4RYQQ3by4J9W'),
('4MC21CS029', '$2b$10$VwEt0QFn5Y48ZeqMuGXNuOZgQKp.bOyh1tXruVXooPvkj0TMIxEtC'),
('4MC21CS030', '$2b$10$DYBMHMmHvsfVnelNq2Wft.tHe7G0T2VXJ/r.qiRAHzJMYyOb.8mhG'),
('4MC21CS031', '$2b$10$1aTOuVN45D6ZFeWrYlx4IexSEgGkGzBtg8vHybl/xYbC7P5ZGWgYO'),
('4MC21CS032', '$2b$10$6T5ZD43MMs49RetSi5Fa8OriiFcgnGYorvK5NV/R9hvf4..9Qzc9m'),
('4MC21CS033', '$2b$10$6svl.eCPHQTtZCOqON4a9.o93WSM1XUlIoUsMlwQOh.TagoyKUxgK'),
('4MC21CS034', '$2b$10$hnAM8DPA7kT0KOSyrI6iYORZgiPAcM9Etu3OLeduuuXZRN9GVB9Gm'),
('4MC21CS035', '$2b$10$R5z5i77NAKHgzyi6.4H1BeJCpbHAL7PSqepCo845bjN2BGQ9MwRAS'),
('4MC21CS036', '$2b$10$AOGmrWzeccQ5WqRJk/QUWuFyIFcjY9fv6L/mDvMMO9q/Zfbh/wkTW'),
('4MC21CS037', '$2b$10$ViX2VUmYkYfA11s0pmQJtubcdm7qrtKsnjUHjwx4LXSrb0OzqPGUe'),
('4MC21CS038', '$2b$10$tsTZqGNm0c6TIBWYWZpVR.CdBehUXGje.vymIOIQD6hGDOq/0Duay'),
('4MC21CS039', '$2b$10$dobQVF/hlyxQDaR59d39GuJeLeEQb2N3GTnWzPkjOUEb0qqUZrxMC'),
('4MC21CS040', '$2b$10$M31yFKSUmN2yPbPejRLpKOdDNWTV.VNwgAMoF81tBM9U1qsklyeea'),
('4MC21CS041', '$2b$10$2KgHmGBDto4RIdfGdHSULu7kLVtt8vAgypq9gjd3Eod3RJdtg200y'),
('4MC21CS042', '$2b$10$8vMHCFAHWkWm7G0rNBFa2uP6.YT.Uxq7/bkiwen6BDDaDsqn3Oyxi'),
('4MC21CS043', '$2b$10$8kEHbNzPGybP9SEk7VtKWOxaa4Jo3HJC.FqGR3/peov6.K7I0P1TK'),
('4MC21CS044', '$2b$10$1aLrwZm8VH/H9UeUxpH0Zu3S9PaFhnIK2CpfgzsNsvatOOxHzi/j.'),
('4MC21CS045', '$2b$10$PlxpnHeOmLcd0VYXDqniJejfM1raMuSa06kQTcW6z.rrg16584yPS'),
('4MC21CS046', '$2b$10$Z.ZHIc.R6FmWe1lAOA9vquJl.D6PmSz67lSskk3UpA9PX.kGRX096'),
('4MC21CS047', '$2b$10$9dJMcfw.05iZhPMhIqUMY.PNr7dj2gxlQi8D3KkMw9TqYvrYmndSu'),
('4MC21CS048', '$2b$10$I1Y5wXoAFGDFasbnE6Mkweg1ZNO9rkBZtcPoUpP7KSW8IzRLlaLP.'),
('4MC21CS049', '$2b$10$wq350./L6Fm.qiwO1WE9r.zVh1jbhGs1Z8oGgwVcALOehIhoWzPYy'),
('4MC21CS050', '$2b$10$G3FulYKL0ymZABFy/xKwpObLA0KELS.ikokwfdkTTdvV0A7.gYaAm'),
('4MC21CS051', '$2b$10$/FX/TjYyGpahep7oBTOJxe83EL/QuBjgYBHHdwtHyX/o9otsEImCa'),
('4MC21CS052', '$2b$10$hu97fxaUZ9Z/eGxotGH.Du2fRQcrqEghxfViPHX17TBrX.NxmwFCa'),
('4MC21CS053', '$2b$10$1zlfuuk0wwKyyQ2OBIW.9uT34rBzdKkxdU5nSuW3t9e0ib2jH5CdC'),
('4MC21CS054', '$2b$10$WZ.PuKDbFPMCIodhathGmOeBWRaiQA8vZAtw3yVwdJ8Sa70kX/XDK'),
('4MC21CS055', '$2b$10$pgGOUTw/iumOKGWBUxP/d.dAJCk4qu0PprsvRUeDQYE9LXxX5khVG'),
('4MC21CS056', '$2b$10$1.2AziInLfHLFMYUMFB8N.UM7i8HKUfzaaPjzvKWEe5zqZYR4AIYS'),
('4MC21CS057', '$2b$10$7aRCm6clvz.n9HeAu8sjMu9ZbPQ/5C1GJSyQNWO/wx6UUf7Xqy58e'),
('4MC21CS058', '$2b$10$xglFGKsBqp22AMNotOy0.enFm3XaNBgXE3aRB4uxrBNuv7Nq65XNS'),
('4MC21CS059', '$2b$10$0HUQNfzyfABymWyeaVIlsevvqkp/f/k4JQCw.klReHN9J.m6iq4NO'),
('4MC21CS060', '$2b$10$63YZyAF17Y3rh70Q0nmW6OskJqBTdosDh4d6aOX/D031dxEJ0HkyG'),
('4MC21CS061', '$2b$10$VGSuo7lWV3rZLLpFxQrKYemO6hK5XKw2Yag4XTfsZlmI27xF6O23S'),
('4MC21CS062', '$2b$10$xjcQidEhQWIlwjdVSIx0/.SF.lHut35qZLRG4FsSeJ.IkbVZZyHLa'),
('4MC21CS063', '$2b$10$Ma7BuuoNvi/eqMyoCxz3yOX4LaDDLcGyiUfMAp23E7nifDcT3Ni9O'),
('4MC21CS064', '$2b$10$6xBjExto0HJxubeNkGX1AeYSfISaaORG7S4JI3syhBbtslTT0IHr.'),
('4MC21CS065', '$2b$10$MOS5pOt39IOMopLp6lVX5edFfaKDGz45cxO/kb3KVvbVcjyx326ju'),
('4MC21CS066', '$2b$10$HCY9H5vub/0HMdubqIMA0uPVEAio81LLa85sB4ZY7smNT26IoUVYu'),
('4MC21CS067', '$2b$10$xkZYgleewvmLCopQygW1KuMnvTHr7s2OnqvqMsB8i2OcPORWQgYT.'),
('4MC21CS068', '$2b$10$z/LI7ZL2dJFtrIE2SxuHh.RU0S6SL/6KWuw6EJ8pIGpGfSexM8XKq'),
('4MC21CS069', '$2b$10$AfskxaHueVRhXzoyYF0Pg.fw7lUZxw1cZbv.ozWVV4ezMtLNHloQu'),
('4MC21CS070', '$2b$10$jwE/GhDx.p6QLIDbT4xsnu95H774XosOHjLgMSWYBqrfUxH.Q98J2'),
('4MC21CS071', '$2b$10$enqUY4gYmXfq1odLGsgrDem51ApLY8JNdj8JMZlPO09XVXi0urqlq'),
('4MC21CS072', '$2b$10$NK6gkwloL7BQlRC.d1RQoOZ6Uxy176CCefZGOhInEKVRJt/rfoK46'),
('4MC21CS073', '$2b$10$HCdBPzRm6wDiY2Sg3QeEqebiu01iTQ4JINnIUxm.oqIz0QMmKJBgG'),
('4MC21CS074', '$2b$10$VmzC95viwjWGm9v/uZHyputmpZuv9w.JIKipMYE5kC82SscOTV07q'),
('4MC21CS075', '$2b$10$oPFJaMybGOzBFWkkHC8ZFOwxmPKN2LO8I/RcUhgnWa4Udoj58pHJi'),
('4MC21CS076', '$2b$10$GNV26nfEKry.viHWZ0l68urSLFt82hkuu7k1i0hIN/CzF0t5vRwbq'),
('4MC21CS077', '$2b$10$4T2B3vqCeNy686eGGqr4w.NVkjKMcM0mnyzxvAydZhyEUHJJEnk0u'),
('4MC21CS078', '$2b$10$t9vr8H7DIg8ODfBCLZpFCeazZ9aHt259jbi65meepT799MUGzJbRq'),
('4MC21CS079', '$2b$10$C0T89cxLPDs3Odf.QgzokOyjtdmazEx0iLr9R5qhTnhIkCibf5bMC'),
('4MC21CS080', '$2b$10$auKFQl/ZHxzL0AAm2trxZe0z.//k7TLzt/eNvdbyqrHGCkdgeA9d.'),
('4MC21CS081', '$2b$10$NSpDIazjrUomWqc6YGdZyuXMq1sGwz83aPPqUFrIrj8oDYASYnFJO'),
('4MC21CS082', '$2b$10$3rt1V96Gy6p7M3qwwskbs.LIbVawKotxTfOdHd6tReHbq8Nas7Z6O'),
('4MC21CS083', '$2b$10$rzrj14kpHvh/wOYxkFOWA.ZVi.FQ7nQitLhVqbsYUSaknEiG7joda'),
('4MC21CS084', '$2b$10$ip6ge4NZr3657w1yjgSvj.r5RhbrEXpsSuqYFqm/EV2LTAe3eIrie'),
('4MC21CS085', '$2b$10$E5Wufafzrv9xEZqVipOej.euh0DhItZQzGuMF76wSJo3eYokXxYam'),
('4MC21CS086', '$2b$10$n4eJ1EIBFsP5/sjiZjyrueO2bW8CWHcMcO6h81IktFbuLyyk4wi6e'),
('4MC21CS087', '$2b$10$QQellbSlkPR31XNugJZG5eqIppRBJyBjEYxHzJaXdakaWGcoJLtlW'),
('4MC21CS088', '$2b$10$xhXbO7SMqOh5yk0umafJueAbGiN8tiS8ANuDwLYpPJ9mQjxuJgLDm'),
('4MC21CS089', '$2b$10$n/vERXHSzxsxQegjoxR7aekryuRgE3YFfH76Msf94o9T5HXnat6zu'),
('4MC21CS090', '$2b$10$XsVKGAK78mNxYHdG2juqHObfNk1UqJz9YKmo4ivy9gjTjUCtJhGT2'),
('4MC21CS091', '$2b$10$x6/CSGqdw55wb0hKTrhIt.e7EIK.3o.maV/xqYjeCwnXL.oYhUria'),
('4MC21CS092', '$2b$10$qUwwx0/SdxbyBvc0iYR70.14a92hHVcBnfKByElOP.EfuXhaVTywq'),
('4MC21CS093', '$2b$10$yi6r7DDNMo9F8uoC8kCSVen7rnEFeEsWbiIS64/egXBIwB2Ux1FcG'),
('4MC21CS094', '$2b$10$jHImHYeB086DPbnhV6/ZPO1WEonBzS1oht0suOhygxfH0JLy5BNxe'),
('4MC21CS095', '$2b$10$mtViiyYDUavPh3NZ5yM5R.k4DOcLwM2RBTViWBFpqjB/1i16nBfxG'),
('4MC21CS096', '$2b$10$K4Zr83hBcClQA8UPMb3wMOg4RLoRm0KILr03rLJoeakIxGBKpa99y'),
('4MC21CS097', '$2b$10$62IGS4bqG/ThTcGnbun9nOeo/FqykWj7rxeFP5p4kyE0OxbMZdNZW'),
('4MC21CS098', '$2b$10$ZtvQIk4K3OfO/1Lts.XvrODkkZRDBS4yYKJPfdt6HX.hURVsu.CDa'),
('4MC21CS099', '$2b$10$CD/DiX8K7PBlhR9HzGn9CeXPTSpB5vPEjvX67p2zgC9f9VNYEyQ4S'),
('4MC21CS100', '$2b$10$m74z6kDt2ZsyfDo.Eoz0e.qcSAPXqQFRJVmVZ13nOKMaBpvPP18AG'),
('4MC21CS101', '$2b$10$yFb56GqNWbo.RtUhhigsVukzAU4DeZaX7LYGDvVdyUysFyj/fM7mC'),
('4MC21CS102', '$2b$10$NlGwCcgTz1brpHNqzz5lVu/nSuuFPqPsNT0ECpa54itLvAiqcX5aa'),
('4MC21CS103', '$2b$10$V43hWvDht5EizRo7pXIHMuI.t19X2tVMu.8vxfP5XYAp/6.GNPvbO'),
('4MC21CS104', '$2b$10$HWBGrfmK/oetIHw8pjjKmuBT4WVwpsodleEFXSk9M0yL5E0pg5.BK'),
('4MC21CS105', '$2b$10$4Yn5GYO3dgivWMBetOXJFODG2jwXAjOu3iT4qPrmw6voCmCdZeoLS'),
('4MC21CS106', '$2b$10$6GiTOPJd.zq4bptp6C3P4O.D3V.Hi/z8/q5OG/hkLzkJJHo7h8MYO'),
('4MC21CS107', '$2b$10$d6Ru41DCzeiZCITSgHSHPu4Gm0akLF9SBD5eZlOKHmF1dKSgJzY1y'),
('4MC21CS108', '$2b$10$GFvT0E0/fjlZe/djDevSjunFAcyPo2/Hj1Y2ghDokb8BMz73IfxeW'),
('4MC21CS109', '$2b$10$FT2zgRq1ZiR1B5r6GMhjSOb/x/3g33X/KfAPgv0FPQ2cqsBlYIEey'),
('4MC21CS110', '$2b$10$880/9LaSLsOMKZ5NJDYWOOI7ew.Cf5ruB0f0sAqt5VXRs2t6aMXzO'),
('4MC21CS111', '$2b$10$UIS7bwv70YFWFzdKchO20.BICro7eU0iA63NeitRchWfgq8Q4S8LC'),
('4MC21CS112', '$2b$10$tHErzKAQhYAciBlDorOVPuvraVq0zaelnwjLKAFT.nLKmr5u9shOW'),
('4MC21CS113', '$2b$10$M83cRXi2mdwBERRuR12R8.8sU.wKRxSaVL54J3nTJuFkaOJpJYqom'),
('4MC21CS114', '$2b$10$VU08VriMqEWo7wlXTJJy3OlANr6uvnE4iVmi832yveL2EF3omTEHa'),
('4MC21CS115', '$2b$10$Ji2fQ0XhSLUtvDY9F.1NyOHftokgDUlijZe3Kd3SbEF8/J9Lt5g/S'),
('4MC21CS116', '$2b$10$at6DEENNCyUx41tiDGv91Op35cJxClPDYbzcKUhaLUEssJVsvuYcm'),
('4MC21CS117', '$2b$10$ebZ/h82..4hXNJfxs3arAONwItaF9v1pBpTS0OcH63ukJuJO2E3CS'),
('4MC21CS118', '$2b$10$swxQAFUZSvt6lTYX.OiLMOGV4VhpPmiMKdzxGmkgJ4BZ9j5RkqMyO'),
('4MC21CS119', '$2b$10$KXfOgCoPFkrOzdGcsvU6nOwMeSZXDSMTB9M74rfp3i3hSdCjHD4Ke'),
('4MC21CS120', '$2b$10$DeAtlD9PZ2yTsBOhaxhI2uZRhU5FcA5uTAb..FfgDOx8k7fOEKhpy'),
('4MC21CS121', '$2b$10$3TCe1sRTl2XlvvljATNoz.mzBB7ODb7jcCcpUjapRePdwPyDduzO6'),
('4MC21CS122', '$2b$10$ZsW/9F/hAU7eAEBe2O6dS.uUJf0h.yRDOtdziK2sB8JVoZxmQjqf.'),
('4MC21CS123', '$2b$10$K1opB8UaiESe0nW/anFh4.HBoz.F9FG2qgWrUki3sNlHqf0/atmsK'),
('4MC21CS124', '$2b$10$kUNO1ilxry0SUGqy3eq2duZNi4t0SImmJOevkG66N8myrSIPZHzrW'),
('4MC21CS125', '$2b$10$Udpvi6.wF10OYtS1vlFBz.DscPPaO5SPq.MUFNBQPfQzck9NPAH/6'),
('4MC21CS126', '$2b$10$WJJ9x0GM.YXM9Ck4wv7CQuB/ltAYm24880uBaP86vE7H0qqgdrXn6'),
('4MC21CS127', '$2b$10$FhbpBlhvbUCi/tuh78I7CeBkN6UzQ2WR5w23w1VgHIOiy/4CRMimm'),
('4MC21CS128', '$2b$10$83blsei6.EoY.6M9ttXG5OU3u5CAxP.Bh2TNt/5K/HmULaXisHqgi'),
('4MC21CS129', '$2b$10$qw36M7Xg0Lw.Fh1hWa4b7.FMNOsn3m49R.T53sCEWuZ9jKmBljYPy'),
('4MC21CS130', '$2b$10$JY8kd4P3SHFO2olnEC0AqexpB0O313CvmVtu1jtIJ/BmRnPocD2lq'),
('4MC21CS131', '$2b$10$EVnr3hIrcj6kb3X75wKSYOiiVqKf4UYMLNv1z9Choqx6/4A7ZnDuC'),
('4MC21CS132', '$2b$10$jVXid.0hXCPYcWjEBwM/TODPVQR0UPsou4xDFCe/RXERLMbrZ9sSa'),
('4MC21CS133', '$2b$10$7pg.PxIqeaO5bMYO2Za8Z.jSjQ7C.LUkNefRZhfVKRUQ3kpoWVj.C'),
('4MC21CS134', '$2b$10$bQ60Pm3CLP.MBnmZ.27Y1uJqgCY208Rm4yln.Q8M6iqnbkNXyRMLy'),
('4MC21CS135', '$2b$10$lILRKlGB2h2HE1IngoWTRuOy3MRNw5f.PxfztmFYR4SKdb4IoFbvu'),
('4MC21CS136', '$2b$10$ECwTFua8IIeX.9vYuEC6eeN7ZI2ct5fflwt0crxS2IdpabyyWyDB6'),
('4MC21CS137', '$2b$10$RqmcWnq08aOdAIVZawN3/uMjzcFfhqwJ5R5iOcsFuxZgIHNOVjGVq'),
('4MC21CS138', '$2b$10$cUJcnJRfN4xJOluivVEHZ.g.FfAj5k0Shu4QPZzKsDuzrIcBf2N3y'),
('4MC21CS139', '$2b$10$/j0bAneDxqK7iB8lGIoj3.mhgTdKC0TAIzp/6iZ1xnpH1ZaLwZiuS'),
('4MC21CS140', '$2b$10$ZApP7GE5IQNGRVWHMrcVRutS6c6yUlS1wqeWF7tvTAMkgXGmz7l2S'),
('4MC21CS141', '$2b$10$2fnZgavjpcEx8J4bCgn4LOoAqbGxfftrpbvHMUoQvcwbfYLfwvKUy'),
('4MC21CS142', '$2b$10$Ad.7ZdPX0aPs4JkSqwTSVusET3Qpr6g4Dtv8Orqf1X5zR8mke5WbC'),
('4MC21CS143', '$2b$10$hcOb6RcYpMplvCQjltDAruEzONehI19UMM8XuvY1kUWRoSIvfNqIC'),
('4MC21CS144', '$2b$10$tfgq7HRSVdPCE7WlT9UjaePF0hPIEYcEqEK36GSYIci/lZorGTfFq'),
('4MC21CS145', '$2b$10$uL3.jJvQsKITs4HgZqiEquZe3pfcZLHt/vgd/7YP4The.Bv6lxB8G'),
('4MC21CS146', '$2b$10$iGTVNTdjV0ADXdIKTiyrIej3V34jNN8RnM.LKby3KzFnNTd.fSc0q'),
('4MC21CS147', '$2b$10$CnCTlat675uo9BvER/vAaOMkvPI8b.6RwXZozPDEKO3kpI9OeA7tm'),
('4MC21CS148', '$2b$10$HJixbXS2nNzOXI7DxCgT6e5wPxq3DVhbLfgd1km7TfZiPH9Q7c5bu'),
('4MC21CS149', '$2b$10$1WoMCbKW50rVZ26R70lxNe8VxthfYeZnGMrQpn.p0YKNc58MjPJMy'),
('4MC21CS150', '$2b$10$PGDkzDzL8Np5OGzMOWk/Y.tPh6K.vrcZtA81CntAkZm0wDqD2ig6K'),
('4MC21CS151', '$2b$10$EUZdezPYH4F9NOkTTtSos.kWX4TF2yp76ZA.7pQkTC9EI6y8aEP0y'),
('4MC21CS152', '$2b$10$W/Ps7wcwpAx2B1djrEvIpORRYgZz.rl5VkD5OeoVQfdYHp8i1/K1a'),
('4MC21CS153', '$2b$10$FDcjdUI8yKsA6kz3oihiWerel2Qt02XXfwpRe2AnCWqfyRgBm5PFq'),
('4MC21CS154', '$2b$10$apJOjWMJr074F8piYNu71e5DRK5OP7WbSYwEi23B8QLqsycGwg9UW'),
('4MC21CS155', '$2b$10$eXpEBOKEPdL0Oq5UuT7Rfe9IQOEC7X5UC/4F.0oviX8KxDwult7R.'),
('4MC21CS156', '$2b$10$To0MHnq9XZMKd0c7q.F9R.wBOe1saDj9jARrzGeh7EhcePT/5sUZq'),
('4MC21CS157', '$2b$10$NlQYTZxsmYv.QIxNZTlU0ugYs3leqtScBYh1/gRHIDsHn1xEO3CAi'),
('4MC21CS158', '$2b$10$BbZp1lnN/pHnlG0td50wy.wqBIMKa89LN8uM9JbDtfR9Y9AJUkFSC'),
('4MC21CS159', '$2b$10$0De0UT8G0T.3IvFtWZt/Ye1C9d1m3CfqiV7iHi6sNOx.XVVM9mEeK'),
('4MC21CS160', '$2b$10$DhfdiW6/qoqg/qXNAZKLweAEPCElQna5WpYtlE.kYAJnLu9Y19TG.'),
('4MC21CS161', '$2b$10$.d1z/.1qzg.3lcZyv93g1OAeWGjqzlRuowPVqSRVyFsqFgxLL9fpK'),
('4MC21CS162', '$2b$10$oSTeidOGdt22WJ8M5kn6i.0sz74j63D.fEMkypxKkDOp03qPKiFM.'),
('4MC21CS163', '$2b$10$mc74.41bF/s8cMP28IpOSeMJoo/yreqY7tmHIkDjtv5cMu8Q0Ux7.'),
('4MC21CS164', '$2b$10$m2OaE9swxq32CBYgxrEPzO3NhEYUBe6XyireJF7d2YfXhNIoAnFSC'),
('4MC21CS165', '$2b$10$uy91A0gPzojB9JK4nSSD6Ot28P3ebAsDlLWNWKKngYdDkIHcX06Yq'),
('4MC21CS166', '$2b$10$ocLWLIWAQ3YPIfhZYcjQhu.AbSlPDM6.v2AVjS.AhWlsZH5Gq67Im'),
('4MC21CS167', '$2b$10$u//4E1.Y/EBrpOFb/v0PYu4mKoE2G.c0.Z8Fgg5b.pDfEXGWoErzK'),
('4MC21CS168', '$2b$10$QPIffthfuf.L69ibyNwcZ.AWr3Bc2loBvf8jMnZRHdiCRxs0Jvwsi'),
('4MC21CS169', '$2b$10$FwwnlNOdYkGFCg0rSHuyBuOonUV7.GlrdhJplq9ObCyoFxYWfCQ46'),
('4MC21CS170', '$2b$10$6pIxbV6b0y8l14rXAzbyeONYr/Sec5Ekz26d34RH6soPB2FgOnDmq'),
('4MC21CS171', '$2b$10$.Mqiw/4ERTqYpWR8x0Yuw.WsmBVgE6IGohTO/IVk6mUuIheKe2QcG'),
('4MC21CS172', '$2b$10$SlGoFTF8CKZ63mgnc2QBReEW558zYJUZVFC9JSSit4QWfFaEgpwTe'),
('4MC21CS173', '$2b$10$XzjwmF0L5aW6y1u/CanWFuA2xFH5vx5KUPFZ1tOtyuj.p6O2JXH7O'),
('4MC21CS174', '$2b$10$rkMiFt71AKKdw/tCYq07J.1lrl7KmH69m45GOvL7FxZrXHhicgAQS'),
('4MC21CS175', '$2b$10$2EB7Bvc5wWZEGj9OYGmkmOtZed93WGU..bpwq6ClFZVhGfA1X784K'),
('4MC21CS176', '$2b$10$xGkYb2kLnr574kFUnAqG8OfBUUFAz4zR5BzhSWNah.momBoTDvdiy'),
('4MC21CS177', '$2b$10$9ohcOK6IhGQZgGdhYxJQyukZ4WFfwvTr/Z21wNJfXw18jZBK0eLoG'),
('4MC21CS178', '$2b$10$PQjxxQHiCZsHWyDByrRpI.TyWsEao3PmaHYICCZgOXOK9OueZYkkq'),
('4MC21CS179', '$2b$10$N6xyO0h702vyXUXsJo/eneBZ984g/eMFOSMOHyC1G6Zfz6mvBaw8q'),
('4MC21CS180', '$2b$10$wHrXfP7LY1LvK1KFkVkEEuOpQ0nMa6/FcZV0jLfGSYU5l1FrXYL3i'),
('4MC21CS181', '$2b$10$HJMLwrhxshrIbYogtlD9HuIvOOCCufJwfzAxhWxYGBN.cGwLh9Jca'),
('4MC21CS182', '$2b$10$0R9IzyN.QddWbi0cajnjqeUHh9vw4tQqSV.KaC6NckeOEG1uwK1tq'),
('4MC21CS183', '$2b$10$W.J0thu3F1g2Y846vDQs1.wmPq5JZRdH87/fVRfJe4KrWIjB74Eiu'),
('4MC22CS400', '$2b$10$JPfZRLwh2FhgYJI4a6ayH.cDdTQtLVgDpwU00i1WIFaZrc7nv5d1a'),
('4MC22CS401', '$2b$10$JBLq2WZltosb0USBkJP2P.bLP3V5EWykcQ5K.YFyqMiBWZhZwvaRS'),
('4MC22CS402', '$2b$10$Fr2XSr15wS3ZTBZO8Icit.mfEkTdYuV2ii112W3K4XuFYGKj.PPKm'),
('4MC22CS403', '$2b$10$5Wc6S7tyo5QHrXRKQQVqGeoxw.UYiUyIZyPuI.xkjrBENPV2H3vsC'),
('4MC22CS404', '$2b$10$TbhLHgXnSIS.Aw1vjlLyiuRdG/obxVo9wa6yjVe4RbHlXARcgZ2bq'),
('4MC22CS405', '$2b$10$6YcyzTRIunYu/nZmFWlF6.TFYdzNj4s62QmttrejtRiJFBg88fJu2'),
('4MC22CS406', '$2b$10$jz902uBad1pyrvO1ZlnMIufVQsh7FCUwBdynUo/73aQwh9Lui3A8G'),
('4MC22CS407', '$2b$10$1IoEvNFkOtj8FrmH3No5R.TyTTBQ2/mfb31QhbwzcnQS5TsOWdp12'),
('4MC22CS408', '$2b$10$5Vf/Kj9rAeT5Bcn.lNoFZOK7TmeXsfldEPgNvLZ7INyoPFk85HMt.'),
('4MC22CS409', '$2b$10$7iBmGIwTfVjk6c3R7.7r.u6akahkbUmvMQqyK2x33k.ilZrlkMGnq'),
('4MC22CS410', '$2b$10$WByOENj8H9PJ/Q8buv.sH.DF7buLD.i3PNIcCxmsAmJcEpTLS8cl2'),
('4MC22CS411', '$2b$10$MSdvP8rRrIRVbhKEWYxzRu0XoW3y0SsE.OeyyUI76Bj3wxV3W2/kW'),
('4MC22CS412', '$2b$10$VejRD3zriId08ySf22uR/eoKeWD3HWj4c7tZv7jA7Xii.zZjC9nJi'),
('4MC22CS413', '$2b$10$5dGFxS9EJC8E/HKyfOZow.19WPKCZoKz4Tp0vZyZRvcHG6GJc.Lc.'),
('4MC22CS414', '$2b$10$o81zXYPl9MfsHMP2P5ZKXOfMI6Li3w7trV6SEp0rGtveHp6fqi0F2'),
('4MC22CS415', '$2b$10$3/h/0CyfR6j/FJT09O78Uel8sN.LpDh7fDrUNbwHo6ozbQHNvU0jO'),
('4MC22CS416', '$2b$10$/CNvCdVP.VvD1CJgvTyeVO/pruZLxO41wKLPU0kzR61MGdybmIx8m'),
('4MC22CS417', '$2b$10$GjC8.8hPiXc2VRqwnl/MaeIYTU036gQsN7y/YDD2njYId7MnrJYEK'),
('4MC22CS418', '$2b$10$GKacLsT/tlTBf4UStdTvk.6D3yxTNQF680v.ZJNUKq1jU3ErtKhG6');

-- --------------------------------------------------------

--
-- Table structure for table `sem1`
--

CREATE TABLE `sem1` (
  `courseTitle` varchar(50) NOT NULL,
  `courseCode` varchar(20) NOT NULL,
  `maxLimit` int(11) DEFAULT NULL,
  `registration` int(11) DEFAULT NULL
) ENGINE=InnoDB DEFAULT CHARSET=utf8mb4 COLLATE=utf8mb4_general_ci;

--
-- Dumping data for table `sem1`
--

INSERT INTO `sem1` (`courseTitle`, `courseCode`, `maxLimit`, `registration`) VALUES
('hfhf', '1234', 34, 1),
('hfhf', '12345', 67, 0);

-- --------------------------------------------------------

--
-- Table structure for table `sem2`
--

CREATE TABLE `sem2` (
  `courseTitle` varchar(50) NOT NULL,
  `courseCode` varchar(20) NOT NULL,
  `maxLimit` int(11) DEFAULT NULL,
  `registration` int(11) DEFAULT NULL
) ENGINE=InnoDB DEFAULT CHARSET=utf8mb4 COLLATE=utf8mb4_general_ci;

-- --------------------------------------------------------

--
-- Table structure for table `sem3`
--

CREATE TABLE `sem3` (
  `courseTitle` varchar(50) NOT NULL,
  `courseCode` varchar(20) NOT NULL,
  `maxLimit` int(11) DEFAULT NULL,
  `registration` int(11) DEFAULT NULL
) ENGINE=InnoDB DEFAULT CHARSET=utf8mb4 COLLATE=utf8mb4_general_ci;

-- --------------------------------------------------------

--
-- Table structure for table `sem4`
--

CREATE TABLE `sem4` (
  `courseTitle` varchar(50) NOT NULL,
  `courseCode` varchar(20) NOT NULL,
  `maxLimit` int(11) DEFAULT NULL,
  `registration` int(11) DEFAULT NULL
) ENGINE=InnoDB DEFAULT CHARSET=utf8mb4 COLLATE=utf8mb4_general_ci;

-- --------------------------------------------------------

--
-- Table structure for table `sem5`
--

CREATE TABLE `sem5` (
  `courseTitle` varchar(50) NOT NULL,
  `courseCode` varchar(20) NOT NULL,
  `maxLimit` int(11) DEFAULT NULL,
  `registration` int(11) DEFAULT NULL
) ENGINE=InnoDB DEFAULT CHARSET=utf8mb4 COLLATE=utf8mb4_general_ci;

-- --------------------------------------------------------

--
-- Table structure for table `sem6`
--

CREATE TABLE `sem6` (
  `courseTitle` varchar(50) NOT NULL,
  `courseCode` varchar(20) NOT NULL,
  `maxLimit` int(11) DEFAULT NULL,
  `registration` int(11) DEFAULT NULL
) ENGINE=InnoDB DEFAULT CHARSET=utf8mb4 COLLATE=utf8mb4_general_ci;

-- --------------------------------------------------------

--
-- Table structure for table `sem7`
--

CREATE TABLE `sem7` (
  `courseTitle` varchar(50) NOT NULL,
  `courseCode` varchar(20) NOT NULL,
  `maxLimit` int(11) DEFAULT NULL,
  `registration` int(11) DEFAULT NULL
) ENGINE=InnoDB DEFAULT CHARSET=utf8mb4 COLLATE=utf8mb4_general_ci;

-- --------------------------------------------------------

--
-- Table structure for table `student`
--

CREATE TABLE `student` (
  `usn` varchar(10) NOT NULL,
  `dob` date NOT NULL,
  `name` varchar(30) DEFAULT 'ABCD'
) ENGINE=InnoDB DEFAULT CHARSET=utf8mb4 COLLATE=utf8mb4_general_ci;

--
-- Dumping data for table `student`
--

INSERT INTO `student` (`usn`, `dob`, `name`) VALUES
('4MC21CS001', '2003-12-15', 'AATHISH SHETTY'),
('4MC21CS002', '2003-04-01', 'ABHIJITH M V '),
('4MC21CS003', '2003-05-30', 'ABHIRUDH MAHESH '),
('4MC21CS004', '2003-09-12', 'ABHISHEK L D'),
('4MC21CS005', '2003-04-03', 'ABHISHEK M '),
('4MC21CS006', '2004-04-27', 'ABHISHEK R'),
('4MC21CS007', '2003-09-02', 'AISHWARYA SHETTY J R'),
('4MC21CS008', '2003-04-11', 'AISIRI H M'),
('4MC21CS009', '2003-03-13', 'AKSHATHA K M'),
('4MC21CS010', '2003-08-01', 'AKSHATHA N'),
('4MC21CS011', '2004-01-07', 'AMRUTHA M R'),
('4MC21CS012', '2003-06-19', 'AMULYA M MURTHY'),
('4MC21CS013', '2003-05-30', 'ANAGHA B S'),
('4MC21CS014', '2002-11-05', 'ANANYA C L'),
('4MC21CS015', '2002-08-03', 'ANANYA H'),
('4MC21CS016', '2003-06-05', 'ANIRUDDHA S KULKARNI'),
('4MC21CS017', '2003-08-29', 'ANURAAG K N'),
('4MC21CS018', '2003-09-16', 'ANUSHA S K '),
('4MC21CS019', '2004-02-25', 'APPU H P'),
('4MC21CS020', '2002-10-20', 'ARSHIYA TASNEEM'),
('4MC21CS021', '2003-03-09', 'ARUN D '),
('4MC21CS022', '2004-02-03', 'ARUN S HEBBAR'),
('4MC21CS023', '2003-03-26', 'BHOOMIKA H S'),
('4MC21CS024', '2003-12-23', 'BHUVAN D RAJ'),
('4MC21CS025', '2004-01-28', 'BHUVAN M'),
('4MC21CS026', '2004-03-16', 'BHUVAN T D '),
('4MC21CS027', '2003-02-25', 'BINDU PRASAD G S'),
('4MC21CS028', '2003-03-25', 'BINDUSHREE T'),
('4MC21CS029', '2004-03-23', 'CHANDANA B S '),
('4MC21CS030', '2003-04-30', 'CHANDRABABU GOWDA'),
('4MC21CS031', '2003-10-13', 'CHANDU H Y'),
('4MC21CS032', '2003-05-28', 'CHANDU J R '),
('4MC21CS033', '2003-06-23', 'CHARITHA N JAIN'),
('4MC21CS034', '2003-11-13', 'CHARMITHA JAIN K J'),
('4MC21CS035', '2003-10-17', 'CHAYA P'),
('4MC21CS036', '2003-03-01', 'CHINMAYEE N'),
('4MC21CS037', '2003-08-16', 'CHINMAYI'),
('4MC21CS038', '2003-11-24', 'CHINMAYI N S '),
('4MC21CS039', '2003-12-03', 'CHIRAG M R'),
('4MC21CS040', '2004-02-17', 'DARSHAN K'),
('4MC21CS041', '2003-03-02', 'DARSHAN S P'),
('4MC21CS042', '2003-06-21', 'DEEKSHA K'),
('4MC21CS043', '2003-08-27', 'DEEKSHA S'),
('4MC21CS044', '2003-06-22', 'DEEKSHA S V'),
('4MC21CS045', '2004-04-13', 'DEEKSHITH H U'),
('4MC21CS046', '2003-01-30', 'DHANUSH B S'),
('4MC21CS047', '2003-02-06', 'DHANUSHREE T S '),
('4MC21CS048', '2003-01-08', 'DHAVAN S'),
('4MC21CS049', '2003-03-05', 'DIVYA M K'),
('4MC21CS050', '2003-07-06', 'DRUTHI MAHESH '),
('4MC21CS051', '2003-11-29', 'GANAVI R N'),
('4MC21CS052', '2003-01-17', 'GNANESH H J '),
('4MC21CS053', '2003-11-18', 'H G PRATHEEK GOWDA'),
('4MC21CS054', '2003-01-25', 'H G VAISHNAVI DUTT'),
('4MC21CS055', '2003-10-05', 'H N NISARGA'),
('4MC21CS056', '2003-07-28', 'HARISH KUMAR S'),
('4MC21CS057', '2003-06-03', 'HARSHA H R '),
('4MC21CS058', '2002-02-08', 'HARSHAVARDHAN H V'),
('4MC21CS059', '2003-08-25', 'HARSHINI N D'),
('4MC21CS060', '2003-06-02', 'HARSHITHA '),
('4MC21CS061', '2003-10-19', 'HARSHITHA C S '),
('4MC21CS062', '2004-01-08', 'HARSHITHA G H '),
('4MC21CS063', '2003-09-04', 'HEMA RAMESH'),
('4MC21CS064', '2003-07-29', 'HEMASRI V'),
('4MC21CS065', '2002-11-24', 'HITHA S'),
('4MC21CS066', '2003-06-25', 'J DEEPTHI'),
('4MC21CS067', '2003-06-16', 'JANANI C G '),
('4MC21CS068', '2003-10-30', 'JAYANTH K M'),
('4MC21CS069', '2003-04-22', 'JEEVITHA S M'),
('4MC21CS070', '2003-05-07', 'JNANESH R'),
('4MC21CS071', '2003-05-05', 'KANMANI K N '),
('4MC21CS072', '2003-09-22', 'KARAN GOWDA K'),
('4MC21CS073', '2003-02-24', 'KARTHIK V'),
('4MC21CS074', '2003-09-14', 'KIRAN I S'),
('4MC21CS075', '2003-08-22', 'KISHAN H M'),
('4MC21CS076', '2003-02-08', 'LAKSHAN K S'),
('4MC21CS077', '2003-05-29', 'LEKHA V '),
('4MC21CS078', '2003-04-11', 'LIKHITH GOWDA A '),
('4MC21CS079', '2003-10-08', 'M K SANDEEP '),
('4MC21CS080', '2004-01-05', 'M R MANOHAR'),
('4MC21CS081', '2002-08-31', 'MADHURA S'),
('4MC21CS082', '2003-01-21', 'MANDARA H P'),
('4MC21CS083', '2002-04-23', 'MANJUNATH D S'),
('4MC21CS084', '2000-04-22', 'MANOJ BANADA'),
('4MC21CS085', '2003-11-23', 'MANOJ MARUTI NAYAK'),
('4MC21CS086', '2003-08-28', 'MANUPRASAD  A'),
('4MC21CS087', '2003-03-17', 'MAYURA M L'),
('4MC21CS088', '2003-02-17', 'MEDINI RAJ'),
('4MC21CS089', '2002-04-23', 'MEGHANA C L'),
('4MC21CS090', '2003-02-17', 'MILIND K G'),
('4MC21CS091', '2003-09-05', 'MOHAMED MOIN RAZA'),
('4MC21CS092', '2003-01-09', 'MOHAMMAD VALEED'),
('4MC21CS093', '2002-03-06', 'MOHAMMED GUFRAN'),
('4MC21CS094', '2002-07-14', 'MOHITH GOWDA '),
('4MC21CS095', '2003-06-07', 'MONISHA B R'),
('4MC21CS096', '2003-09-24', 'MONISHA GANAPATI MOGER'),
('4MC21CS097', '2003-10-22', 'MONISHA S'),
('4MC21CS098', '2003-11-17', 'MOUNA C'),
('4MC21CS099', '2003-09-08', 'MUSKAN S'),
('4MC21CS100', '2003-06-05', 'NAGARAJ '),
('4MC21CS101', '2003-02-23', 'NAMRATHA JAY '),
('4MC21CS102', '2003-04-19', 'NANDAN C V '),
('4MC21CS103', '2001-01-19', 'NANDINI C N'),
('4MC21CS104', '2003-08-28', 'NIHARI H R'),
('4MC21CS105', '2003-01-20', 'NISARGA R KUMAR'),
('4MC21CS106', '2003-02-18', 'NISHAN N E '),
('4MC21CS107', '2003-10-23', 'POOJA B S'),
('4MC21CS108', '2003-09-01', 'POORVITH L NARAYAN'),
('4MC21CS109', '2003-12-28', 'PRAGATHI L R'),
('4MC21CS110', '2002-07-16', 'PRAJWAL B'),
('4MC21CS111', '2003-06-16', 'PRAJWAL C G'),
('4MC21CS112', '2004-03-07', 'PRAJWAL R'),
('4MC21CS113', '2002-10-27', 'PRAJWALKUMARA M'),
('4MC21CS114', '2003-10-25', 'PRARTHANA Y T'),
('4MC21CS115', '2003-04-28', 'PREETHI H V'),
('4MC21CS116', '2003-08-30', 'PRUTHVI C P'),
('4MC21CS117', '2003-12-16', 'PRUTHVI PRASHANTH MATTIHALLI '),
('4MC21CS118', '2003-06-10', 'PUNYASHREE T K '),
('4MC21CS119', '2003-12-19', 'RACHANA H V '),
('4MC21CS120', '2003-03-14', 'RAJATH B G'),
('4MC21CS121', '2003-09-19', 'RAJATH H M '),
('4MC21CS122', '2003-06-10', 'RITHESH A H '),
('4MC21CS123', '2003-05-14', 'RUCHITHA H P'),
('4MC21CS124', '2003-06-22', 'S SHAMANTH '),
('4MC21CS125', '2003-07-30', 'SADHVI G N'),
('4MC21CS126', '2004-02-21', 'SAGAR C R '),
('4MC21CS127', '2004-03-19', 'SAGAR D'),
('4MC21CS128', '2003-06-04', 'SAHANA J'),
('4MC21CS129', '2003-07-30', 'SAKSHI B RAJ'),
('4MC21CS130', '2003-05-09', 'SAMARTH C P'),
('4MC21CS131', '2003-06-09', 'SANIDHYA H R'),
('4MC21CS132', '2003-06-11', 'SANIHA M'),
('4MC21CS133', '2003-08-13', 'SANJAY B S'),
('4MC21CS134', '2003-08-19', 'SANJAY VASISTA G S'),
('4MC21CS135', '2003-05-29', 'SATVIK SHRIRAM HEGDE'),
('4MC21CS136', '2003-09-08', 'SHAMITHA L'),
('4MC21CS137', '2003-07-25', 'SHASHANK D V'),
('4MC21CS138', '2003-08-26', 'SHASHANK D Y'),
('4MC21CS139', '2003-10-09', 'SHASHANK H N'),
('4MC21CS140', '2003-12-29', 'SHREELAKSHMI M P'),
('4MC21CS141', '2003-03-28', 'SHREYA T N'),
('4MC21CS142', '2003-06-18', 'SHUBHA V C'),
('4MC21CS143', '2003-08-30', 'SIDDARTH S MALLIK '),
('4MC21CS144', '2004-03-19', 'SINCHANA M C'),
('4MC21CS145', '2003-04-26', 'SINDHU M'),
('4MC21CS146', '2003-05-09', 'SRINATH GOWDA S M '),
('4MC21CS147', '2004-03-16', 'SRINIDHI H K'),
('4MC21CS148', '2003-03-24', 'SRUSHTI K '),
('4MC21CS149', '2003-12-04', 'SUCHITHA K K'),
('4MC21CS150', '2003-07-31', 'SUCHITHRA GOWDA D P'),
('4MC21CS151', '2003-07-11', 'SUDARSHAN AS '),
('4MC21CS152', '2003-04-26', 'SUDHARSHAN K P'),
('4MC21CS153', '2003-05-24', 'SUMEETH S M '),
('4MC21CS154', '2003-11-07', 'SUMIT CHANDRA '),
('4MC21CS155', '2004-02-24', 'SWATHI D GOWDA '),
('4MC21CS156', '2003-06-06', 'SYED SAFIULLA '),
('4MC21CS157', '2003-07-02', 'TAPASVI M I'),
('4MC21CS158', '2003-03-29', 'TEJAS NOOJILE'),
('4MC21CS159', '2002-03-30', 'THARUN M T '),
('4MC21CS160', '2002-12-03', 'THEJAS H S'),
('4MC21CS161', '2004-01-05', 'THEJASWINI M D'),
('4MC21CS162', '2003-03-22', 'TILAK R'),
('4MC21CS163', '2003-04-18', 'TRISHAL RAVISH '),
('4MC21CS164', '2003-03-08', 'V PRATHEEK '),
('4MC21CS165', '2003-09-18', 'VARSHINI H V '),
('4MC21CS166', '2003-05-31', 'VARSHINI M'),
('4MC21CS167', '2003-04-07', 'VARSHITHA S'),
('4MC21CS168', '2003-03-11', 'VARUN GOWDA H S'),
('4MC21CS169', '2003-06-27', 'VARUN GOWDA N'),
('4MC21CS170', '2003-07-27', 'VIDVATH GNANESH B N'),
('4MC21CS171', '2003-11-11', 'VIJESH H D'),
('4MC21CS172', '2004-02-02', 'VIKRAM RAM S'),
('4MC21CS173', '2003-01-15', 'VINEET S HAVALAD'),
('4MC21CS174', '2002-12-18', 'VISHAL M G'),
('4MC21CS175', '2003-10-19', 'VISHAL MIRANDA'),
('4MC21CS176', '2003-06-04', 'VISHWAS R KASHYAP'),
('4MC21CS177', '2003-10-01', 'YASHASWINI B C'),
('4MC21CS178', '2003-09-04', 'YASHASWINI H S'),
('4MC21CS179', '2004-03-13', 'YASHASWINI H S'),
('4MC21CS180', '2003-02-24', 'YASHASWINI H U'),
('4MC21CS181', '2004-01-19', 'YOGANANDAN V '),
('4MC21CS182', '2003-12-22', 'YOGEESH M'),
('4MC21CS183', '2002-12-05', 'YUKTHA S GOWDA'),
('4MC22CS400', '2003-09-07', 'AMRUTHAVARSHINI P'),
('4MC22CS401', '2004-01-20', 'BHANU N J'),
('4MC22CS402', '2003-04-08', 'BHOOMIKA G K'),
('4MC22CS403', '2002-02-05', 'BHOOMIKA J'),
('4MC22CS404', '2003-03-07', 'CHETHAN S'),
('4MC22CS405', '2001-03-06', 'DHANYASHRI B G'),
('4MC22CS406', '2003-03-02', 'GOKUL H G'),
('4MC22CS407', '2002-10-28', 'HEMANTH I R'),
('4MC22CS408', '2001-12-24', 'K L CHANDRAKANTH'),
('4MC22CS409', '2000-06-08', 'MOHAMMED MUZAMMIL'),
('4MC22CS410', '2001-03-07', 'NAGASHREE HANUMANTH PATGAR'),
('4MC22CS411', '2001-09-20', 'NIHARIKA G J'),
('4MC22CS412', '2001-11-11', 'PAVAN KUMAR G B'),
('4MC22CS413', '2003-06-09', 'PRAMODA H S'),
('4MC22CS414', '2003-05-14', 'RAKSHITH K V '),
('4MC22CS415', '2003-10-08', 'SRUJAN G S'),
('4MC22CS416', '2004-03-02', 'SUSHMITHA L K'),
('4MC22CS417', '2002-10-08', 'TARUN K Y'),
('4MC22CS418', '2001-05-23', 'VARSHINI N');

--
-- Indexes for dumped tables
--

--
-- Indexes for table `admin`
--
ALTER TABLE `admin`
  ADD PRIMARY KEY (`username`);

--
-- Indexes for table `details`
--
ALTER TABLE `details`
  ADD PRIMARY KEY (`usn`);

--
-- Indexes for table `login`
--
ALTER TABLE `login`
  ADD PRIMARY KEY (`username`);

--
-- Indexes for table `sem1`
--
ALTER TABLE `sem1`
  ADD PRIMARY KEY (`courseCode`);

--
-- Indexes for table `sem2`
--
ALTER TABLE `sem2`
  ADD PRIMARY KEY (`courseCode`);

--
-- Indexes for table `sem3`
--
ALTER TABLE `sem3`
  ADD PRIMARY KEY (`courseCode`);

--
-- Indexes for table `sem4`
--
ALTER TABLE `sem4`
  ADD PRIMARY KEY (`courseCode`);

--
-- Indexes for table `sem5`
--
ALTER TABLE `sem5`
  ADD PRIMARY KEY (`courseCode`);

--
-- Indexes for table `sem6`
--
ALTER TABLE `sem6`
  ADD PRIMARY KEY (`courseCode`);

--
-- Indexes for table `sem7`
--
ALTER TABLE `sem7`
  ADD PRIMARY KEY (`courseCode`);

--
-- Indexes for table `student`
--
ALTER TABLE `student`
  ADD PRIMARY KEY (`usn`);
COMMIT;

/*!40101 SET CHARACTER_SET_CLIENT=@OLD_CHARACTER_SET_CLIENT */;
/*!40101 SET CHARACTER_SET_RESULTS=@OLD_CHARACTER_SET_RESULTS */;
/*!40101 SET COLLATION_CONNECTION=@OLD_COLLATION_CONNECTION */;
